Task,Accuracy,Time_s,Memory_KB,Complexity,Maintainability,Pylint_Score
task3,0.5,0.06754302978515625,5343.353515625,1,100.0,10.0
task3ai,1.0,0.06673884391784668,5343.3134765625,1,100.0,10.0
