File,Function,Accuracy,Time_s,Memory_KB,Complexity,Maintainability,Pylint_Score
task0.py,task0,1.0,7.2900002123788e-05,0.3984375,3,80.85194998625511,10.0
task0ai.py,task0ai,1.0,6.81000019540079e-05,0.078125,3,80.85194998625511,10.0
