File,Function,Accuracy,Time_s,Memory_KB,Complexity,Maintainability,Pylint_Score
task2.py,task2,1.0,0.00017579999985173345,0.109375,4,70.0472090965681,10.0
task2ai.py,task2ai,1.0,0.00023129999317461625,0.109375,4,70.0472090965681,10.0
