File,Function,Accuracy,Time_s,Memory_KB,Complexity,Maintainability,Pylint_Score
task1.py,task1,1.0,9.899999713525176e-05,0.2890625,3,71.55988337877561,10.0
task1ai.py,task1ai,1.0,0.00014880000526318327,0.2890625,4,65.84783514660505,10.0
