File,Function,Accuracy,Time_s,Memory_KB,Complexity,Maintainability,Pylint_Score
task2.py,task2,1.0,0.0001739999970595818,0.109375,4,70.0472090965681,10.0
task2ai.py,task2ai,1.0,0.0001613000022189226,0.109375,4,68.58683423504671,10.0
