Task,Accuracy,Time_s,Memory_KB,Complexity,Maintainability,Pylint_Score
task3,1.0,0.041686296463012695,5343.9375,1,78.14958877590634,10.0
task3ai,1.0,0.03982281684875488,5343.759765625,1,78.14958877590634,10.0
