File,Function,Accuracy,Time_s,Memory_KB,Complexity,Maintainability,Pylint_Score
task1.py,task1,1.0,0.00016829999731271528,0.125,5,68.18856302535949,10.0
task1ai.py,task1ai,1.0,0.00013410000246949494,0.125,5,68.18856302535949,10.0
