File,Function,Accuracy,Time_s,Memory_KB,Complexity,Maintainability,Pylint_Score
task2.py,task2,1.0,0.0001899999988381751,0.1640625,4,68.40845037051814,10.0
task2ai.py,task2ai,1.0,0.00021379999816417694,0.1640625,4,69.3113889160328,10.0
