Task,Accuracy,Time_s,Memory_KB,Complexity,Maintainability,Pylint_Score
task3,1.0,0.04246664047241211,5343.9111328125,1,94.97966858652318,10.0
task3ai,1.0,0.04145503044128418,5343.9501953125,1,75.42417966846843,10.0
