File,Function,Accuracy,Time_s,Memory_KB,Complexity,Maintainability,Pylint_Score
task0.py,task0,1.0,4.960000660503283e-05,0.078125,3,80.85194998625511,10.0
task0ai.py,task0ai,1.0,5.919999966863543e-05,0.078125,3,80.85194998625511,10.0
