File,Function,Accuracy,Time_s,Memory_KB,Complexity,Maintainability,Pylint_Score
task1.py,task1,1.0,9.790000331122428e-05,0.2890625,3,72.82491762469213,10.0
task1ai.py,task1ai,1.0,0.00011579999409150332,0.2890625,4,66.75077369211971,10.0
