File,Function,Accuracy,Time_s,Memory_KB,Complexity,Maintainability,Pylint_Score
task2.py,task2,1.0,0.00017819998902268708,0.109375,4,68.58683423504671,10.0
task2ai.py,task2ai,1.0,0.0001905999961309135,0.109375,4,68.58683423504671,10.0
