Task,Accuracy,Time_s,Memory_KB,Complexity,Maintainability,Pylint_Score
task3,0.5,0.050978899002075195,5343.734375,2,71.44842835188814,10.0
task3ai,0.5,0.04477214813232422,5343.57421875,2,69.98805349036675,10.0
