Task,Accuracy,Time_s,Memory_KB,Complexity,Maintainability,Pylint_Score
task4,1.0,4.124641418457031e-05,0.25,3,65.72734233911126,10.0
task4ai,1.0,4.2438507080078125e-05,0.203125,3,70.07591638631968,10.0
round_trip,1.0,0.0,0.0,0,0.0,0.0
