File,Function,Accuracy,Time_s,Memory_KB,Complexity,Maintainability,Pylint_Score
task0.py,task0,1.0,9.600000339560211e-05,0.421875,3,84.69319837885878,10.0
task0ai.py,task0ai,1.0,3.989999822806567e-05,0.078125,3,84.69319837885878,10.0
