File,Function,Accuracy,Time_s,Memory_KB,Complexity,Maintainability,Pylint_Score
task2.py,task2,1.0,0.00021189999824855477,0.109375,4,68.58683423504671,10.0
task2ai.py,task2ai,1.0,0.0001692000005277805,0.109375,4,68.58683423504671,10.0
