Task,Accuracy,Time_s,Memory_KB,Complexity,Maintainability,Pylint_Score
task3,1.0,0.11218976974487305,68359.521484375,1,75.42417966846843,10.0
task3ai,1.0,0.037322044372558594,5343.275390625,1,75.42417966846843,10.0
