File,Function,Accuracy,Time_s,Memory_KB,Complexity,Maintainability,Pylint_Score
task1.py,task1,1.0,0.00011189999349880964,0.2890625,3,72.82491762469213,10.0
task1ai.py,task1ai,1.0,0.00010410000686533749,0.109375,5,72.64122898663487,10.0
