File,Function,Accuracy,Time_s,Memory_KB,Complexity,Maintainability,Pylint_Score
task3.py,task3,0.0,0.14018660000147065,5344.267578125,1,75.42417966846843,10.0
task3ai.py,task3ai,0.0,0.1939261000006809,5343.5869140625,1,75.42417966846843,10.0
