Task,Accuracy,Time_s,Memory_KB,Complexity,Maintainability,Pylint_Score
task3,0.5,0.040802955627441406,5344.1826171875,1,75.42417966846843,10.0
task3ai,1.0,0.06479334831237793,5343.5576171875,1,75.42417966846843,10.0
