File,Function,Accuracy,Time_s,Memory_KB,Complexity,Maintainability,Pylint_Score
task1.py,task1,1.0,0.00010210000255028717,0.109375,4,72.4649970147854,10.0
task1ai.py,task1ai,1.0,0.00011000000085914508,0.28125,5,69.45359727127601,10.0
