File,Function,Accuracy,Time_s,Memory_KB,Complexity,Maintainability,Pylint_Score
task2.py,task2,1.0,0.00017939999816007912,0.1953125,4,66.07220850683673,10.0
task2ai.py,task2ai,1.0,0.00014999999984866008,0.1328125,4,65.16926996132207,10.0
