File,Function,Accuracy,Time_s,Memory_KB,Complexity,Maintainability,Pylint_Score
task2.py,task2,1.0,0.00015729999722680077,0.109375,4,68.1180719338176,10.0
task2ai.py,task2ai,1.0,0.0001655000014579855,0.109375,4,88.74763270615925,10.0
