File,Function,Accuracy,Time_s,Memory_KB,Complexity,Maintainability,Pylint_Score
task0.py,task0,1.0,4.359999729786068e-05,0.0703125,3,72.43195764141169,10.0
task0ai.py,task0ai,1.0,3.989999822806567e-05,0.078125,3,74.28529248621352,10.0
