File,Function,Accuracy,Time_s,Memory_KB,Complexity,Maintainability,Pylint_Score
task1.py,task1,1.0,0.00013390000094659626,0.125,4,69.73958790734747,10.0
task1ai.py,task1ai,1.0,0.00015100000018719584,0.125,5,68.18856302535949,10.0
