Task,Accuracy,Time_s,Memory_KB,Complexity,Maintainability,Pylint_Score
task3,0.5,0.05438637733459473,5343.818359375,1,100.0,10.0
task3ai,1.0,0.09581351280212402,5343.90625,1,100.0,10.0
