File,Function,Accuracy,Time_s,Memory_KB,Complexity,Maintainability,Pylint_Score
task1.py,task1,1.0,0.00010430000111227855,0.2890625,3,71.55988337877561,10.0
task1ai.py,task1ai,1.0,0.00010379999730503187,0.2890625,4,65.02351683828225,10.0
