File,Function,Accuracy,Time_s,Memory_KB,Complexity,Maintainability,Pylint_Score
task2.py,task2,1.0,0.0002699000033317134,0.109375,5,63.61824507933409,10.0
task2ai.py,task2ai,1.0,0.00016320000577252358,0.109375,5,63.19323800310552,10.0
