File,Function,Accuracy,Time_s,Memory_KB,Complexity,Maintainability,Pylint_Score
task0.py,count_even,1.0,4.199999966658652e-05,0.0703125,3,72.43195764141169,10.0
task0ai.py,get_odds,1.0,4.1300001612398773e-05,0.078125,3,74.28529248621352,10.0
