File,Function,Accuracy,Time_s,Memory_KB,Complexity,Maintainability,Pylint_Score
task2.py,task2,1.0,0.00017160000061267056,0.109375,4,70.30954116963326,10.0
task2ai.py,task2ai,1.0,0.00018760000239126384,0.109375,4,70.30954116963326,10.0
