File,Function,Accuracy,Time_s,Memory_KB,Complexity,Maintainability,Pylint_Score
task1.py,task1,1.0,0.00012560000322991982,0.2890625,3,71.55988337877561,10.0
task1ai.py,task1ai,0.42857142857142855,0.0001421999986632727,0.2890625,3,71.55988337877561,10.0
