Task,Accuracy,Time_s,Memory_KB,Complexity,Maintainability,Pylint_Score
task3,1.0,0.04201626777648926,5343.853515625,1,74.30834038330268,10.0
task3ai,1.0,0.037476301193237305,5343.9501953125,1,73.42025566233474,10.0
