File,Function,Accuracy,Time_s,Memory_KB,Complexity,Maintainability,Pylint_Score
task1.py,task1,1.0,5.589999636868015e-05,0.015625,4,63.60438025262003,10.0
task1ai.py,task1ai,1.0,0.0001871999993454665,0.109375,5,69.45359727127601,10.0
