File,Function,Accuracy,Time_s,Memory_KB,Complexity,Maintainability,Pylint_Score
task0.py,task0,1.0,6.120000034570694e-05,0.0703125,3,72.43195764141169,10.0
task0ai.py,task0ai,1.0,9.169999975711107e-05,0.3671875,1,81.12095583420833,10.0
