File,Function,Accuracy,Time_s,Memory_KB,Complexity,Maintainability,Pylint_Score
task2.py,task2,1.0,0.00016039999900385737,0.109375,4,68.90307892787627,10.0
task2ai.py,task2ai,1.0,0.00019590000010794029,0.109375,4,68.90307892787627,10.0
