Task,Accuracy,Time_s,Memory_KB,Complexity,Maintainability,Pylint_Score
task3,1.0,0.04904317855834961,5343.8623046875,1,72.40724958418757,10.0
task3ai,1.0,0.06952977180480957,5343.9501953125,1,100.0,10.0
