File,Function,Accuracy,Time_s,Memory_KB,Complexity,Maintainability,Pylint_Score
task1.py,task1,1.0,0.0001066999975591898,0.2890625,3,71.55988337877561,10.0
task1ai.py,task1ai,1.0,0.00011029999586753547,0.2890625,3,70.44404409360986,10.0
