File,Function,Accuracy,Time_s,Memory_KB,Complexity,Maintainability,Pylint_Score
task2.py,task2,1.0,0.00019320000137668103,0.1640625,4,69.3113889160328,10.0
task2ai.py,task2ai,1.0,0.0001734000034048222,0.1640625,4,67.32179998913018,10.0
