File,Function,Accuracy,Time_s,Memory_KB,Complexity,Maintainability,Pylint_Score
task0.py,task0,1.0,7.219999679364264e-05,0.421875,3,84.69319837885878,10.0
task0ai.py,task0ai,1.0,9.590000263415277e-05,0.3671875,1,81.12095583420833,10.0
