File,Function,Accuracy,Time_s,Memory_KB,Complexity,Maintainability,Pylint_Score
task2.py,task2,1.0,0.0001733999997668434,0.109375,4,68.58683423504671,10.0
task2ai.py,task2ai,1.0,0.00028949999978067353,0.8671875,1,44.2190323949069,10.0
