File,Function,Accuracy,Time_s,Memory_KB,Complexity,Maintainability,Pylint_Score
task0.py,task0,1.0,4.459999763639644e-05,0.0703125,3,72.43195764141169,10.0
task0ai.py,task0ai,1.0,4.769999941345304e-05,0.078125,3,80.85194998625511,10.0
