Task,Accuracy,Time_s,Memory_KB,Complexity,Maintainability,Pylint_Score
task3,0.5,0.06190323829650879,5343.8671875,1,100.0,10.0
task3ai,1.0,0.06017136573791504,5343.8798828125,1,89.21618462626105,10.0
