File,Function,Accuracy,Time_s,Memory_KB,Complexity,Maintainability,Pylint_Score
task1.py,task1,1.0,9.819999831961468e-05,0.1328125,4,69.73958790734747,10.0
task1ai.py,task1ai,0.42857142857142855,0.0001390999968862161,0.2890625,3,70.44404409360986,10.0
