File,Function,Accuracy,Time_s,Memory_KB,Complexity,Maintainability,Pylint_Score
task0.py,task0,1.0,5.43000060133636e-05,0.0703125,3,72.43195764141169,10.0
task0ai.py,task0ai,1.0,4.47999918833375e-05,0.078125,3,74.28529248621352,10.0
