File,Function,Accuracy,Time_s,Memory_KB,Complexity,Maintainability,Pylint_Score
task2.py,task2,1.0,0.0002462999982526526,0.1640625,4,67.32179998913018,10.0
task2ai.py,task2ai,1.0,0.0002288000105181709,0.1640625,4,67.32179998913018,10.0
