Task,Accuracy,Time_s,Memory_KB,Complexity,Maintainability,Pylint_Score
task3,1.0,0.04496169090270996,5343.7783203125,1,75.42417966846843,10.0
task3ai,1.0,0.04085874557495117,5343.4326171875,1,75.42417966846843,10.0
