File,Function,Accuracy,Time_s,Memory_KB,Complexity,Maintainability,Pylint_Score
task1.py,task1,1.0,0.00010609999299049377,0.109375,4,72.4649970147854,10.0
task1ai.py,task1ai,1.0,0.00010830000974237919,0.109375,5,70.9139721327974,10.0
