File,Function,Accuracy,Time_s,Memory_KB,Complexity,Maintainability,Pylint_Score
task0.py,task0,1.0,5.059999966761097e-05,0.0703125,3,72.43195764141169,10.0
task0ai.py,task0ai,1.0,3.809999907389283e-05,0.078125,3,84.69319837885878,10.0
