File,Function,Accuracy,Time_s,Memory_KB,Complexity,Maintainability,Pylint_Score
task1.py,task1,1.0,9.019999924930744e-05,0.203125,3,70.44404409360986,10.0
task1ai.py,task1ai,1.0,0.00011649999942164868,0.203125,4,64.85597454093194,10.0
