Task,Accuracy,Time_s,Memory_KB,Complexity,Maintainability,Pylint_Score
task3,1.0,0.04184150695800781,5343.6767578125,1,74.30834038330268,10.0
task3ai,1.0,0.06398558616638184,5343.8896484375,1,75.42417966846843,10.0
