File,Function,Accuracy,Time_s,Memory_KB,Complexity,Maintainability,Pylint_Score
task2.py,task2,1.0,0.0001934000028995797,0.8046875,5,61.77412582238037,10.0
task2ai.py,task2ai,1.0,0.00017899999875226058,0.8046875,5,76.61815408537548,10.0
