Task,Accuracy,Time_s,Memory_KB,Complexity,Maintainability,Pylint_Score
task3,1.0,0.04126596450805664,5343.9111328125,1,74.30834038330268,10.0
task3ai,1.0,0.0644068717956543,5343.9384765625,1,75.42417966846843,10.0
