File,Function,Accuracy,Time_s,Memory_KB,Complexity,Maintainability,Pylint_Score
task2.py,task2,1.0,0.00016279999908874743,0.109375,4,68.1180719338176,10.0
task2ai.py,task2ai,1.0,0.0001536999989184551,0.109375,4,68.1180719338176,10.0
