File,Function,Accuracy,Time_s,Memory_KB,Complexity,Maintainability,Pylint_Score
task0.py,task0,1.0,5.03999981447123e-05,0.0703125,3,70.97158277989028,10.0
task0ai.py,task0ai,1.0,4.149999949731864e-05,0.078125,3,84.69319837885878,10.0
